member_id,index_dt,cohort_reason,measurement_year
1001,2023-02-10,DX,2023
1002,2023-01-20,DX,2023
1003,2023-03-08,DX,2023
1005,2023-02-28,DX,2023
1008,2023-06-15,DX,2023
1010,2023-07-11,DX,2023
1011,2023-04-05,DX,2023
1012,2023-09-19,DX,2023
1013,2023-02-14,DX,2023
1015,2023-05-05,DX,2023
1018,2023-08-08,DX,2023
1019,2023-10-10,DX,2023
1021,2023-04-25,DX,2023
1022,2023-07-07,DX,2023
